{
    "rmse": 23.30279519010273,
    "mae": 17.381616592407227,
    "r2": 0.6635686159133911
}
