{
    "rmse": 28.041305592570712,
    "mae": 18.69972038269043,
    "r2": 0.1533939242362976
}
