{
    "rmse": 35.25233224498682,
    "mae": 29.901958465576172,
    "r2": -0.13297653198242188
}
