{
    "PM2.5": 0.5315139889717102,
    "PM10": 0.025741182267665863,
    "NO": 0.023117508739233017,
    "NO2": 0.023288479074835777,
    "NOx": 0.04890623688697815,
    "NH3": 0.029604708775877953,
    "CO": 0.05310685932636261,
    "SO2": 0.021988477557897568,
    "O3": 0.03508913516998291,
    "Benzene": 0.006844159681349993,
    "Toluene": 0.01773844286799431,
    "tempmin": 0.02484472095966339,
    "dew": 0.05305013805627823,
    "humidity": 0.06230611726641655,
    "precip": 0.014317253604531288,
    "precipprob": 0.028027299791574478,
    "precipcover": 0.014344303868710995,
    "windgust": 0.04421103745698929,
    "windspeed": 0.05024226754903793,
    "winddir": 0.023842565715312958,
    "sealevelpressure": 0.058156270533800125,
    "cloudcover": 0.04612869396805763,
    "visibility": 0.09254887700080872,
    "solarradiation": 0.05558477342128754,
    "moonphase": 0.02872263267636299,
    "StratoO3": 0.01791711151599884,
    "year": 0.22559264302253723,
    "month": 0.06292041391134262,
    "day": 0.031544964760541916,
    "dayofweek": 0.024237902835011482
}
