{
    "PM2.5": 0.6580564022064209,
    "PM10": -0.004410544037818908,
    "NO": -0.0028343290090560914,
    "NO2": 0.00887158215045929,
    "NOx": -0.002620023488998413,
    "NH3": 0.0011194825172424316,
    "CO": 0.006422010064125061,
    "SO2": 0.005322510004043579,
    "O3": 0.007881587743759156,
    "Benzene": -6.525218486785889e-05,
    "Toluene": 0.0021154195070266723,
    "tempmin": 0.0010313838720321655,
    "dew": -0.0021206170320510866,
    "humidity": 0.05407237112522125,
    "precip": -0.0029527932405471803,
    "precipprob": 0.0036764055490493774,
    "precipcover": 0.0035913646221160888,
    "windgust": -0.005837860703468323,
    "windspeed": -0.0019609242677688598,
    "winddir": 0.002187666296958923,
    "sealevelpressure": 0.01534508466720581,
    "cloudcover": -0.0003561317920684814,
    "visibility": 0.00849778950214386,
    "solarradiation": 0.025680136680603028,
    "moonphase": -0.0014855384826660157,
    "StratoO3": 0.000332602858543396,
    "year": -0.007695609331130981,
    "month": 0.004391720890998841,
    "day": -0.00716550350189209,
    "dayofweek": 0.00017836391925811766
}
