{
    "validation": {
        "rmse": 21.50076008717301,
        "mae": 16.415470123291016,
        "r2": 0.7534757852554321
    },
    "test": {
        "rmse": 23.88414904667097,
        "mae": 18.71619987487793,
        "r2": 0.5549039840698242
    }
}
