{
    "validation": {
        "rmse": 21.451344637751223,
        "mae": 16.222522735595703,
        "r2": 0.754607617855072
    },
    "test": {
        "rmse": 21.341804650320036,
        "mae": 17.100648880004883,
        "r2": 0.6446171998977661
    }
}
