{
    "PM2.5": 0.1089850515127182,
    "PM10": 0.13709759712219238,
    "NO": 0.013641482591629029,
    "NO2": -0.00989334136247635,
    "NOx": 0.00704890787601471,
    "NH3": 0.0018899917602539062,
    "CO": 0.010666510462760926,
    "SO2": 0.0012020975351333617,
    "O3": 0.009211599826812744,
    "Benzene": -0.002948498725891113,
    "Toluene": -0.010237134993076324,
    "tempmin": 0.004965782165527344,
    "dew": 0.0027816206216812133,
    "humidity": 0.003936603665351868,
    "precip": -0.000443112850189209,
    "precipprob": 0.00207180380821228,
    "precipcover": 0.0005952149629592895,
    "windgust": 0.012455058097839356,
    "windspeed": -0.0026360273361206053,
    "winddir": -0.005992640554904938,
    "sealevelpressure": -0.01103743612766266,
    "cloudcover": -0.0011894434690475463,
    "visibility": 0.039014923572540286,
    "solarradiation": -0.0031159549951553346,
    "moonphase": -0.0010758638381958008,
    "StratoO3": -0.002958899736404419,
    "year": 0.013534542918205262,
    "month": -0.007467088103294372,
    "day": -0.0010211318731307983,
    "dayofweek": -0.002434554696083069
}
