{
    "PM2.5": 0.11765167862176895,
    "PM10": 0.18232986330986023,
    "NO": 0.0718434676527977,
    "NO2": 0.08301802724599838,
    "NOx": 0.020126299932599068,
    "NH3": 0.028582191094756126,
    "CO": 0.0227678082883358,
    "SO2": 0.014852183870971203,
    "O3": 0.048565953969955444,
    "Benzene": 0.03666265681385994,
    "Toluene": 0.03328808769583702,
    "tempmin": 0.02931685373187065,
    "dew": 0.011083140969276428,
    "humidity": 0.03675920143723488,
    "precip": 0.008016543462872505,
    "precipprob": 0.01892189309000969,
    "precipcover": 0.01594759151339531,
    "windgust": 0.028134435415267944,
    "windspeed": 0.011707986705005169,
    "winddir": 0.04213196411728859,
    "sealevelpressure": 0.030316749587655067,
    "cloudcover": 0.013099977746605873,
    "visibility": 0.04887191951274872,
    "solarradiation": 0.010677517391741276,
    "moonphase": 0.011416217312216759,
    "StratoO3": 0.01375091914087534,
    "year": 0.15570783615112305,
    "month": 0.019366756081581116,
    "day": 0.010745991952717304,
    "dayofweek": 0.013070829212665558
}
