{
    "validation": {
        "rmse": 15.004426938700094,
        "mae": 12.062843322753906,
        "r2": 0.680396318435669
    },
    "test": {
        "rmse": 12.381222172127675,
        "mae": 9.238314628601074,
        "r2": 0.8797873258590698
    }
}
