{
    "validation": {
        "rmse": 15.188527767114952,
        "mae": 12.611475944519043,
        "r2": 0.6725053191184998
    },
    "test": {
        "rmse": 13.245894461786015,
        "mae": 10.168694496154785,
        "r2": 0.8624103665351868
    }
}
