{
    "city": "chennai",
    "avg_metrics": {
        "rmse": 21.806516473561278,
        "mae": 16.58756446838379,
        "r2": 0.6854551037152609
    },
    "std_metrics": {
        "rmse": 1.9080872544494167,
        "mae": 1.2486240005613354,
        "r2": 0.021963634410993225
    }
}
