{
    "val_rmse": 31.138096516767046,
    "val_mae": 24.15500259399414,
    "val_r2": 0.9287726879119873,
    "test_rmse": 32.25582856729152,
    "test_mae": 23.835308074951172,
    "test_r2": 0.9194876551628113,
    "model_config": {
        "name": "MediumCNNRegressor",
        "parameters": {
            "epochs": 200,
            "batch_size": 32,
            "learning_rate": 0.001
        },
        "feature_importance": {
            "PM2.5": 0.4287877380847931,
            "PM10": 0.27211838960647583,
            "NO": 0.05265532061457634,
            "NO2": 0.044719770550727844,
            "NOx": 0.045552484691143036,
            "NH3": 0.04446103423833847,
            "CO": 0.07161159813404083,
            "SO2": 0.04708484560251236,
            "O3": 0.03437080234289169,
            "Benzene": 0.042776964604854584,
            "Toluene": 0.03974009305238724,
            "tempmax": 0.05401642620563507,
            "tempmin": 0.05122905224561691,
            "temp": 0.04209202155470848,
            "feelslikemax": 0.039546724408864975,
            "feelslikemin": 0.05346089228987694,
            "feelslike": 0.04519262537360191,
            "dew": 0.042972974479198456,
            "humidity": 0.059609945863485336,
            "precip": 0.03243076428771019,
            "precipprob": 0.04700598493218422,
            "precipcover": 0.03664398565888405,
            "windgust": 0.04051954299211502,
            "windspeed": 0.03187219053506851,
            "winddir": 0.03812247887253761,
            "sealevelpressure": 0.03392355144023895,
            "cloudcover": 0.033192578703165054,
            "visibility": 0.03965989872813225,
            "solarradiation": 0.03652094677090645,
            "solarenergy": 0.03618501499295235,
            "uvindex": 0.03995136171579361,
            "moonphase": 0.03729460388422012,
            "StratoO3": 0.03482363000512123,
            "year": 0.031403183937072754,
            "month": 0.04099028557538986,
            "day": 0.02708296850323677,
            "dayofweek": 0.03980139270424843,
            "AQI_lag_1": 0.0714830532670021,
            "AQI_lag_2": 0.07160307466983795,
            "AQI_lag_3": 0.061787452548742294,
            "AQI_lag_4": 0.04910540208220482,
            "AQI_lag_5": 0.04118557274341583,
            "AQI_lag_6": 0.029766308143734932,
            "AQI_lag_7": 0.04330555349588394
        }
    }
}
