{
    "rmse": 19.11362572817001,
    "mae": 14.824630737304688,
    "r2": 0.7154859900474548
}
