{
    "val_rmse": 34.1767436232228,
    "val_mae": 26.553194046020508,
    "val_r2": 0.914192795753479,
    "test_rmse": 33.80607140540272,
    "test_mae": 24.87018585205078,
    "test_r2": 0.9115627408027649,
    "model_config": {
        "name": "SmallCNNRegressor",
        "parameters": {
            "epochs": 200,
            "batch_size": 32,
            "learning_rate": 0.001
        },
        "feature_importance": {
            "PM2.5": 0.43200165033340454,
            "PM10": 0.2173527032136917,
            "NO": 0.05990644544363022,
            "NO2": 0.036469265818595886,
            "NOx": 0.05171884223818779,
            "NH3": 0.04484773054718971,
            "CO": 0.03425076976418495,
            "SO2": 0.03879335895180702,
            "O3": 0.02378183789551258,
            "Benzene": 0.04176841676235199,
            "Toluene": 0.036692991852760315,
            "tempmax": 0.04895859211683273,
            "tempmin": 0.036719370633363724,
            "temp": 0.043158870190382004,
            "feelslikemax": 0.039034102112054825,
            "feelslikemin": 0.05350376293063164,
            "feelslike": 0.03624308481812477,
            "dew": 0.03952411562204361,
            "humidity": 0.051568880677223206,
            "precip": 0.035805489867925644,
            "precipprob": 0.03457173705101013,
            "precipcover": 0.03557197377085686,
            "windgust": 0.03332225978374481,
            "windspeed": 0.03160242363810539,
            "winddir": 0.031084531918168068,
            "sealevelpressure": 0.02664531022310257,
            "cloudcover": 0.032268259674310684,
            "visibility": 0.04190317168831825,
            "solarradiation": 0.04270385578274727,
            "solarenergy": 0.03394521027803421,
            "uvindex": 0.04036235064268112,
            "moonphase": 0.027580104768276215,
            "StratoO3": 0.031212100759148598,
            "year": 0.027122344821691513,
            "month": 0.033939432352781296,
            "day": 0.0284742284566164,
            "dayofweek": 0.03741448000073433,
            "AQI_lag_1": 0.06028382480144501,
            "AQI_lag_2": 0.05767238512635231,
            "AQI_lag_3": 0.05196402221918106,
            "AQI_lag_4": 0.04578998684883118,
            "AQI_lag_5": 0.04230448976159096,
            "AQI_lag_6": 0.042841263115406036,
            "AQI_lag_7": 0.05363420024514198
        }
    }
}
