{
    "rmse": 15.673516473731851,
    "mae": 12.700064659118652,
    "r2": 0.7770630717277527
}
