{
    "rmse": 19.744958934378985,
    "mae": 14.654141426086426,
    "r2": 0.9702622890472412
}
