{
    "PM2.5": 0.13359699845314027,
    "PM10": 0.044615542888641356,
    "NO": 0.002164196968078613,
    "NO2": -0.0028824269771575927,
    "NOx": -0.0014127790927886963,
    "NH3": -0.0005941271781921386,
    "CO": 0.003400444984436035,
    "SO2": 0.005428057909011841,
    "O3": 0.010728740692138672,
    "Benzene": -0.0005112707614898682,
    "Toluene": 0.0013889729976654052,
    "tempmin": -0.00178091824054718,
    "dew": 0.00174141526222229,
    "humidity": 0.0026549458503723144,
    "precip": 0.004387891292572022,
    "precipprob": -0.0035882025957107546,
    "precipcover": 0.004573094844818115,
    "windgust": 0.005112797021865845,
    "windspeed": 0.006010669469833374,
    "winddir": -0.00422024130821228,
    "sealevelpressure": -0.0031573206186294557,
    "cloudcover": -0.006029540300369262,
    "visibility": -0.003058207035064697,
    "solarradiation": -0.0026862770318984985,
    "moonphase": -0.0028249800205230715,
    "StratoO3": 0.00015247464179992675,
    "year": 0.013880515098571777,
    "month": -0.016780683398246767,
    "day": -0.006484007835388184,
    "dayofweek": 0.0022482991218566893
}
