{
    "PM2.5": 0.20637312531471252,
    "PM10": 0.11026269942522049,
    "NO": 0.04133624956011772,
    "NO2": 0.025337332859635353,
    "NOx": 0.04604285955429077,
    "NH3": 0.030888207256793976,
    "CO": 0.13122394680976868,
    "SO2": 0.017794422805309296,
    "O3": 0.09154271334409714,
    "Benzene": 0.02675909921526909,
    "Toluene": 0.0034881746396422386,
    "tempmin": 0.03180496767163277,
    "dew": 0.03714973106980324,
    "humidity": 0.02376391366124153,
    "precip": 0.016104137524962425,
    "precipprob": 0.041972484439611435,
    "precipcover": 0.03572136536240578,
    "windgust": 0.0221730787307024,
    "windspeed": 0.03348473459482193,
    "winddir": 0.08088163286447525,
    "sealevelpressure": 0.033934034407138824,
    "cloudcover": 0.02081763930618763,
    "visibility": 0.036941736936569214,
    "solarradiation": 0.03337416052818298,
    "moonphase": 0.021482497453689575,
    "StratoO3": 0.03190523386001587,
    "year": 0.274705708026886,
    "month": 0.08377993851900101,
    "day": 0.0373385064303875,
    "dayofweek": 0.03438802435994148
}
