{
    "validation": {
        "rmse": 21.279780803497996,
        "mae": 17.80259895324707,
        "r2": 0.28452062606811523
    },
    "test": {
        "rmse": 16.205507373676433,
        "mae": 13.64978313446045,
        "r2": 0.3230891227722168
    }
}
