{
    "validation": {
        "rmse": 22.793854751952882,
        "mae": 18.771564483642578,
        "r2": 0.17908459901809692
    },
    "test": {
        "rmse": 16.298322457891373,
        "mae": 13.269463539123535,
        "r2": 0.31531310081481934
    }
}
