{
    "rmse": 23.00312850241109,
    "mae": 17.556446075439453,
    "r2": 0.6773107051849365
}
