{
    "rmse": 30.16073072281862,
    "mae": 22.29764747619629,
    "r2": 0.9328277111053467
}
