{
    "rmse": 14.166058037343445,
    "mae": 10.8275146484375,
    "r2": 0.7623479962348938
}
