{
    "city": "hyderabad",
    "avg_metrics": {
        "rmse": 19.791875312487193,
        "mae": 16.42763106028239,
        "r2": 0.5293653806050619
    },
    "std_metrics": {
        "rmse": 11.322982487762777,
        "mae": 9.839573167771151,
        "r2": 0.47327961634806054
    }
}
