{
    "city": "bengaluru",
    "avg_metrics": {
        "rmse": 17.400083628708185,
        "mae": 12.333345731099447,
        "r2": 0.5527846415837606
    },
    "std_metrics": {
        "rmse": 7.71494403761377,
        "mae": 4.705427265027356,
        "r2": 0.2825267965722907
    }
}
