{
    "rmse": 55.707994177087144,
    "mae": 43.092288970947266,
    "r2": 0.8127865195274353
}
