{
    "rmse": 8.449777218742913,
    "mae": 6.680870056152344,
    "r2": 0.9440096020698547
}
