{
    "PM2.5": 0.5395543694496154,
    "PM10": 0.38094441294670106,
    "NO": 0.004209306836128235,
    "NO2": 0.006008411943912506,
    "NOx": 0.01308947205543518,
    "NH3": 0.0036610707640647886,
    "CO": -0.0032263338565826417,
    "SO2": 0.0007769614458084106,
    "O3": 0.009453323483467103,
    "Benzene": 0.0032175153493881224,
    "Toluene": 0.00835447758436203,
    "tempmin": 0.011484487354755402,
    "dew": 0.010643614828586579,
    "humidity": -0.002478720247745514,
    "precip": -0.0004887640476226807,
    "precipprob": -0.0020593002438545225,
    "precipcover": -0.00033114105463027954,
    "windgust": -0.003791143000125885,
    "windspeed": 0.0069624572992324826,
    "winddir": -0.00608622282743454,
    "sealevelpressure": -0.006562255322933197,
    "cloudcover": -0.004911135137081146,
    "visibility": 0.006932178139686584,
    "solarradiation": 0.008201697468757629,
    "moonphase": 0.0036801651120185854,
    "StratoO3": -0.0008627116680145263,
    "year": -0.017319256067276002,
    "month": -0.017439013719558714,
    "day": 0.003031542897224426,
    "dayofweek": 0.001544223725795746
}
