{
    "PM2.5": 0.35889771580696106,
    "PM10": 0.29387983679771423,
    "NO": 0.0251163337379694,
    "NO2": 0.02299242466688156,
    "NOx": 0.049036674201488495,
    "NH3": 0.020521797239780426,
    "CO": 0.06003377214074135,
    "SO2": 0.008181849494576454,
    "O3": 0.04897969961166382,
    "Benzene": 0.022106418386101723,
    "Toluene": 0.07872415333986282,
    "tempmin": 0.024773942306637764,
    "dew": 0.029401831328868866,
    "humidity": 0.03259744867682457,
    "precip": 0.014700780622661114,
    "precipprob": 0.019552456215023994,
    "precipcover": 0.0198990348726511,
    "windgust": 0.03308965638279915,
    "windspeed": 0.012043342925608158,
    "winddir": 0.01856803335249424,
    "sealevelpressure": 0.01601691171526909,
    "cloudcover": 0.04512457177042961,
    "visibility": 0.07155195623636246,
    "solarradiation": 0.0242035910487175,
    "moonphase": 0.027942083775997162,
    "StratoO3": 0.010128259658813477,
    "year": 0.11304984986782074,
    "month": 0.035888779908418655,
    "day": 0.03572724759578705,
    "dayofweek": 0.020891916006803513
}
