{
    "validation": {
        "rmse": 23.62456080114242,
        "mae": 18.454633712768555,
        "r2": 0.9594936370849609
    },
    "test": {
        "rmse": 22.703848168970993,
        "mae": 16.726184844970703,
        "r2": 0.9605828523635864
    }
}
