{
    "validation": {
        "rmse": 27.62125257387869,
        "mae": 22.129657745361328,
        "r2": 0.9446290135383606
    },
    "test": {
        "rmse": 24.609662696731036,
        "mae": 18.31912612915039,
        "r2": 0.9536876082420349
    }
}
