{
    "rmse": 9.992887256210391,
    "mae": 7.47280216217041,
    "r2": 0.7426120042800903
}
