{
    "city": "delhi",
    "avg_metrics": {
        "rmse": 35.20456127809492,
        "mae": 26.68135929107666,
        "r2": 0.9052921732266744
    },
    "std_metrics": {
        "rmse": 15.108830662227998,
        "mae": 12.016509640289618,
        "r2": 0.06717295527797183
    }
}
